{"cameraMode":{"drawMode":0,"name":"Shaded","section":"Shading Mode"},"sceneLighting":true,"audioPlay":false,"sceneViewState":{"showFog":true,"showMaterialUpdate":false,"showSkybox":true,"showFlares":true,"showImageEffects":true,"showParticleSystems":true},"in2DMode":false,"pivot":{"x":11.373666763305664,"y":-11.516755104064942,"z":57.38975524902344},"rotation":{"x":0.29210835695266726,"y":0.2707926034927368,"z":-0.08663996309041977,"w":0.9131471514701843},"size":14.530781745910645,"orthographic":true}