{"cameraMode":{"drawMode":0,"name":"Shaded","section":"Shading Mode"},"sceneLighting":false,"audioPlay":false,"sceneViewState":{"showFog":true,"showMaterialUpdate":false,"showSkybox":false,"showFlares":true,"showImageEffects":true,"showParticleSystems":true},"in2DMode":false,"pivot":{"x":-1.6039423942565919,"y":3.9349167346954347,"z":51.8316764831543},"rotation":{"x":0.09159489721059799,"y":0.6913490295410156,"z":-0.08906605839729309,"w":0.7111358642578125},"size":22.0,"orthographic":true}