{"cameraMode":{"drawMode":0,"name":"Shaded","section":"Shading Mode"},"sceneLighting":false,"audioPlay":false,"sceneViewState":{"showFog":true,"showMaterialUpdate":false,"showSkybox":false,"showFlares":true,"showImageEffects":true,"showParticleSystems":true},"in2DMode":false,"pivot":{"x":-0.1307373046875,"y":0.023799896240234376,"z":-0.17888963222503663},"rotation":{"x":0.16188083589076997,"y":-0.6816577911376953,"z":0.1585962325334549,"w":0.6956900358200073},"size":0.8657128810882568,"orthographic":true}