{"cameraMode":{"drawMode":0,"name":"Shaded","section":"Shading Mode"},"sceneLighting":true,"audioPlay":false,"sceneViewState":{"showFog":true,"showMaterialUpdate":false,"showSkybox":true,"showFlares":true,"showImageEffects":true,"showParticleSystems":true},"in2DMode":false,"pivot":{"x":39.18461608886719,"y":-1.7427617311477662,"z":36.08051300048828},"rotation":{"x":0.4253009259700775,"y":0.05315259471535683,"z":-0.025046279653906823,"w":0.9031426906585693},"size":25.57391357421875,"orthographic":true}