{"cameraMode":{"drawMode":0,"name":"Shaded","section":"Shading Mode"},"sceneLighting":false,"audioPlay":false,"sceneViewState":{"showFog":true,"showMaterialUpdate":false,"showSkybox":false,"showFlares":true,"showImageEffects":true,"showParticleSystems":true},"in2DMode":false,"pivot":{"x":0.21734604239463807,"y":0.7914662957191467,"z":0.0007467642426490784},"rotation":{"x":0.007361209020018578,"y":-0.9591638445854187,"z":0.2816457450389862,"w":0.025025734677910806},"size":2.752833366394043,"orthographic":true}