{"cameraMode":{"drawMode":0,"name":"Shaded","section":"Shading Mode"},"sceneLighting":false,"audioPlay":false,"sceneViewState":{"showFog":true,"showMaterialUpdate":false,"showSkybox":false,"showFlares":true,"showImageEffects":true,"showParticleSystems":true},"in2DMode":false,"pivot":{"x":-2.831010103225708,"y":0.7684231996536255,"z":-1.44454824924469},"rotation":{"x":-0.0035228629130870106,"y":-0.9748690128326416,"z":0.22221031785011292,"w":-0.015515455044806004},"size":7.629460334777832,"orthographic":true}