{"cameraMode":{"drawMode":0,"name":"Shaded","section":"Shading Mode"},"sceneLighting":true,"audioPlay":false,"sceneViewState":{"showFog":true,"showMaterialUpdate":false,"showSkybox":true,"showFlares":true,"showImageEffects":true,"showParticleSystems":true},"in2DMode":false,"pivot":{"x":-42.87903594970703,"y":3.904296875,"z":14.06321907043457},"rotation":{"x":0.4253009259700775,"y":0.05315259471535683,"z":-0.025046279653906823,"w":0.9031426906585693},"size":13.251721382141114,"orthographic":true}