{"cameraMode":{"drawMode":0,"name":"Shaded","section":"Shading Mode"},"sceneLighting":false,"audioPlay":false,"sceneViewState":{"showFog":true,"showMaterialUpdate":false,"showSkybox":false,"showFlares":true,"showImageEffects":true,"showParticleSystems":true},"in2DMode":false,"pivot":{"x":0.6030376553535461,"y":1.1971603631973267,"z":-0.18483737111091615},"rotation":{"x":-0.01258082129061222,"y":0.9849766492843628,"z":-0.15159554779529572,"w":-0.08174049109220505},"size":2.5977234840393068,"orthographic":true}