{"cameraMode":{"drawMode":0,"name":"Shaded","section":"Shading Mode"},"sceneLighting":false,"audioPlay":false,"sceneViewState":{"showFog":true,"showMaterialUpdate":false,"showSkybox":false,"showFlares":true,"showImageEffects":true,"showParticleSystems":true},"in2DMode":false,"pivot":{"x":0.21734604239463807,"y":0.7914662957191467,"z":0.0007467642426490784},"rotation":{"x":-0.00048725755186751485,"y":0.9890317320823669,"z":-0.1476667821407318,"w":-0.0032613526564091446},"size":3.9068782329559328,"orthographic":true}