{"cameraMode":{"drawMode":0,"name":"Shaded","section":"Shading Mode"},"sceneLighting":false,"audioPlay":false,"sceneViewState":{"showFog":true,"showMaterialUpdate":false,"showSkybox":false,"showFlares":true,"showImageEffects":true,"showParticleSystems":true},"in2DMode":false,"pivot":{"x":-0.0806117057800293,"y":-0.20006728172302247,"z":-0.382251501083374},"rotation":{"x":0.13616490364074708,"y":-0.7556513547897339,"z":0.16628144681453706,"w":0.6187089085578919},"size":1.9793565273284913,"orthographic":true}