{"cameraMode":{"drawMode":0,"name":"Shaded","section":"Shading Mode"},"sceneLighting":false,"audioPlay":false,"sceneViewState":{"showFog":true,"showMaterialUpdate":false,"showSkybox":false,"showFlares":true,"showImageEffects":true,"showParticleSystems":true},"in2DMode":false,"pivot":{"x":49.372135162353519,"y":-0.12147879600524903,"z":-19.671777725219728},"rotation":{"x":0.18279199302196504,"y":0.6066399216651917,"z":-0.14596687257289887,"w":0.759782075881958},"size":2.8578836917877199,"orthographic":true}