{"cameraMode":{"drawMode":0,"name":"Shaded","section":"Shading Mode"},"sceneLighting":false,"audioPlay":false,"sceneViewState":{"showFog":true,"showMaterialUpdate":false,"showSkybox":false,"showFlares":true,"showImageEffects":true,"showParticleSystems":true},"in2DMode":false,"pivot":{"x":-0.8980839848518372,"y":0.7129381895065308,"z":-0.18022692203521729},"rotation":{"x":0.12057651579380036,"y":0.7033935189247131,"z":-0.12300474941730499,"w":0.68961501121521},"size":2.1051740646362306,"orthographic":true}