{"cameraMode":{"drawMode":0,"name":"Shaded","section":"Shading Mode"},"sceneLighting":true,"audioPlay":false,"sceneViewState":{"showFog":true,"showMaterialUpdate":false,"showSkybox":false,"showFlares":true,"showImageEffects":true,"showParticleSystems":true},"in2DMode":false,"pivot":{"x":107.5,"y":146.46849060058595,"z":19.65653419494629},"rotation":{"x":0.4253009259700775,"y":0.05315259471535683,"z":-0.025046279653906823,"w":0.9031426906585693},"size":603.2244262695313,"orthographic":true}