{"cameraMode":{"drawMode":0,"name":"Shaded","section":"Shading Mode"},"sceneLighting":true,"audioPlay":false,"sceneViewState":{"showFog":true,"showMaterialUpdate":false,"showSkybox":true,"showFlares":true,"showImageEffects":true,"showParticleSystems":true},"in2DMode":false,"pivot":{"x":-6.833036422729492,"y":4.658016204833984,"z":14.755607604980469},"rotation":{"x":0.22016282379627229,"y":0.7417331337928772,"z":-0.2899291515350342,"w":0.5632951259613037},"size":32.082054138183597,"orthographic":true}