{"cameraMode":{"drawMode":0,"name":"Shaded","section":"Shading Mode"},"sceneLighting":false,"audioPlay":false,"sceneViewState":{"showFog":true,"showMaterialUpdate":false,"showSkybox":false,"showFlares":true,"showImageEffects":true,"showParticleSystems":true},"in2DMode":false,"pivot":{"x":0.39296719431877139,"y":0.9197901487350464,"z":0.33525151014328005},"rotation":{"x":-0.01258082129061222,"y":0.9849766492843628,"z":-0.15159554779529572,"w":-0.08174049109220505},"size":3.438706874847412,"orthographic":true}