{"cameraMode":{"drawMode":0,"name":"Shaded","section":"Shading Mode"},"sceneLighting":false,"audioPlay":false,"sceneViewState":{"showFog":true,"showMaterialUpdate":false,"showSkybox":false,"showFlares":true,"showImageEffects":true,"showParticleSystems":true},"in2DMode":false,"pivot":{"x":-0.79963219165802,"y":1.3609412908554078,"z":-0.03417384624481201},"rotation":{"x":0.012386881746351719,"y":0.9845718145370483,"z":-0.15607202053070069,"w":0.07814401388168335},"size":2.7684600353240969,"orthographic":true}