{"cameraMode":{"drawMode":0,"name":"Shaded","section":"Shading Mode"},"sceneLighting":true,"audioPlay":false,"sceneViewState":{"showFog":true,"showMaterialUpdate":false,"showSkybox":true,"showFlares":true,"showImageEffects":true,"showParticleSystems":true},"in2DMode":false,"pivot":{"x":1.1401221752166749,"y":-0.7253601551055908,"z":28.28753662109375},"rotation":{"x":0.22016282379627229,"y":0.7417331337928772,"z":-0.2899291515350342,"w":0.5632951259613037},"size":21.273317337036134,"orthographic":true}