{"cameraMode":{"drawMode":0,"name":"Shaded","section":"Shading Mode"},"sceneLighting":true,"audioPlay":false,"sceneViewState":{"showFog":true,"showMaterialUpdate":false,"showSkybox":true,"showFlares":true,"showImageEffects":true,"showParticleSystems":true},"in2DMode":false,"pivot":{"x":-12.021440505981446,"y":12.84073543548584,"z":-6.217419624328613},"rotation":{"x":0.3089437484741211,"y":0.3278273046016693,"z":-0.11438461393117905,"w":0.8854373097419739},"size":8.678936004638672,"orthographic":true}