{"cameraMode":{"drawMode":0,"name":"Shaded","section":"Shading Mode"},"sceneLighting":true,"audioPlay":false,"sceneViewState":{"showFog":true,"showMaterialUpdate":false,"showSkybox":true,"showFlares":true,"showImageEffects":true,"showParticleSystems":true},"in2DMode":false,"pivot":{"x":0.4732027053833008,"y":0.3158474564552307,"z":27.493854522705079},"rotation":{"x":-0.0035228629130870106,"y":-0.9748690128326416,"z":0.22221031785011292,"w":-0.015515455044806004},"size":18.914506912231447,"orthographic":true}