{"cameraMode":{"drawMode":0,"name":"Shaded","section":"Shading Mode"},"sceneLighting":true,"audioPlay":false,"sceneViewState":{"showFog":true,"showMaterialUpdate":false,"showSkybox":true,"showFlares":true,"showImageEffects":true,"showParticleSystems":true},"in2DMode":false,"pivot":{"x":-0.11813749372959137,"y":5.277442455291748,"z":21.316425323486329},"rotation":{"x":0.09159489721059799,"y":0.6913490295410156,"z":-0.08906605839729309,"w":0.7111358642578125},"size":31.40506362915039,"orthographic":true}