{"cameraMode":{"drawMode":0,"name":"Shaded","section":"Shading Mode"},"sceneLighting":true,"audioPlay":false,"sceneViewState":{"showFog":true,"showMaterialUpdate":false,"showSkybox":true,"showFlares":true,"showImageEffects":true,"showParticleSystems":true},"in2DMode":false,"pivot":{"x":-25.809371948242189,"y":25.369659423828126,"z":-11.646223068237305},"rotation":{"x":0.23251192271709443,"y":0.3211803734302521,"z":-0.08168624341487885,"w":0.9143898487091065},"size":19.73554039001465,"orthographic":true}