{"cameraMode":{"drawMode":0,"name":"Shaded","section":"Shading Mode"},"sceneLighting":true,"audioPlay":false,"sceneViewState":{"showFog":true,"showMaterialUpdate":false,"showSkybox":true,"showFlares":true,"showImageEffects":true,"showParticleSystems":true},"in2DMode":false,"pivot":{"x":9.304603576660157,"y":10.961918830871582,"z":8.763347625732422},"rotation":{"x":-0.036070480942726138,"y":0.9638023376464844,"z":-0.19458000361919404,"w":-0.17866924405097962},"size":21.329753875732423,"orthographic":true}