{"cameraMode":{"drawMode":0,"name":"Shaded","section":"Shading Mode"},"sceneLighting":false,"audioPlay":false,"sceneViewState":{"showFog":true,"showMaterialUpdate":false,"showSkybox":false,"showFlares":true,"showImageEffects":true,"showParticleSystems":true},"in2DMode":false,"pivot":{"x":-1.091997504234314,"y":-0.6122102737426758,"z":-0.3899901807308197},"rotation":{"x":-0.0035693931858986618,"y":-0.9741979837417603,"z":0.22513392567634583,"w":-0.015504816547036171},"size":3.921818733215332,"orthographic":true}