{"cameraMode":{"drawMode":0,"name":"Shaded","section":"Shading Mode"},"sceneLighting":true,"audioPlay":false,"sceneViewState":{"showFog":true,"showMaterialUpdate":false,"showSkybox":true,"showFlares":true,"showImageEffects":true,"showParticleSystems":true},"in2DMode":false,"pivot":{"x":2.834669589996338,"y":2.9014899730682375,"z":37.18865203857422},"rotation":{"x":-0.0035228629130870106,"y":-0.9748690128326416,"z":0.22221031785011292,"w":-0.015515455044806004},"size":15.211848258972168,"orthographic":true}