{"cameraMode":{"drawMode":0,"name":"Shaded","section":"Shading Mode"},"sceneLighting":true,"audioPlay":false,"sceneViewState":{"showFog":true,"showMaterialUpdate":false,"showSkybox":true,"showFlares":true,"showImageEffects":true,"showParticleSystems":true},"in2DMode":false,"pivot":{"x":1.6708723306655884,"y":-0.5987824201583862,"z":0.9757817983627319},"rotation":{"x":-0.021654481068253518,"y":0.9710447788238525,"z":-0.21735788881778718,"w":-0.09674074500799179},"size":26.31423568725586,"orthographic":true}