{"cameraMode":{"drawMode":0,"name":"Shaded","section":"Shading Mode"},"sceneLighting":false,"audioPlay":false,"sceneViewState":{"showFog":true,"showMaterialUpdate":false,"showSkybox":false,"showFlares":true,"showImageEffects":true,"showParticleSystems":true},"in2DMode":false,"pivot":{"x":37.783653259277347,"y":0.6938148140907288,"z":31.797964096069337},"rotation":{"x":0.15963315963745118,"y":-0.6430821418762207,"z":0.1394864171743393,"w":0.7358710169792175},"size":10.42130184173584,"orthographic":true}