{"cameraMode":{"drawMode":0,"name":"Shaded","section":"Shading Mode"},"sceneLighting":true,"audioPlay":false,"sceneViewState":{"showFog":true,"showMaterialUpdate":false,"showSkybox":true,"showFlares":true,"showImageEffects":true,"showParticleSystems":true},"in2DMode":false,"pivot":{"x":-3.4252891540527345,"y":-10.167190551757813,"z":30.628490447998048},"rotation":{"x":0.4253009259700775,"y":0.05315259471535683,"z":-0.025046279653906823,"w":0.9031426906585693},"size":23.582172393798829,"orthographic":true}