{"cameraMode":{"drawMode":0,"name":"Shaded","section":"Shading Mode"},"sceneLighting":true,"audioPlay":false,"sceneViewState":{"showFog":true,"showMaterialUpdate":false,"showSkybox":true,"showFlares":true,"showImageEffects":true,"showParticleSystems":true},"in2DMode":false,"pivot":{"x":-0.714583158493042,"y":-6.560546875,"z":-4.126821517944336},"rotation":{"x":-0.030457599088549615,"y":0.9689675569534302,"z":-0.18957839906215669,"w":-0.15567336976528169},"size":28.314563751220704,"orthographic":true}