{"cameraMode":{"drawMode":0,"name":"Shaded","section":"Shading Mode"},"sceneLighting":false,"audioPlay":false,"sceneViewState":{"showFog":true,"showMaterialUpdate":false,"showSkybox":false,"showFlares":true,"showImageEffects":true,"showParticleSystems":true},"in2DMode":false,"pivot":{"x":2.897509813308716,"y":1.864574670791626,"z":4.891902923583984},"rotation":{"x":0.08572566509246826,"y":-0.8475228548049927,"z":0.1442633420228958,"w":0.503531813621521},"size":12.091119766235352,"orthographic":true}