{"cameraMode":{"drawMode":0,"name":"Shaded","section":"Shading Mode"},"sceneLighting":false,"audioPlay":false,"sceneViewState":{"showFog":true,"showMaterialUpdate":false,"showSkybox":false,"showFlares":true,"showImageEffects":true,"showParticleSystems":true},"in2DMode":false,"pivot":{"x":35.315834045410159,"y":1.5198678970336915,"z":28.619842529296876},"rotation":{"x":-0.0035693931858986618,"y":-0.9741979837417603,"z":0.22513392567634583,"w":-0.015504816547036171},"size":0.00005923371281824075,"orthographic":true}