{"cameraMode":{"drawMode":0,"name":"Shaded","section":"Shading Mode"},"sceneLighting":false,"audioPlay":false,"sceneViewState":{"showFog":true,"showMaterialUpdate":false,"showSkybox":false,"showFlares":true,"showImageEffects":true,"showParticleSystems":true},"in2DMode":false,"pivot":{"x":-0.35185545682907107,"y":-0.16025391221046449,"z":0.7569214105606079},"rotation":{"x":0.13616490364074708,"y":-0.7556513547897339,"z":0.16628144681453706,"w":0.6187089085578919},"size":2.75707745552063,"orthographic":true}