{"cameraMode":{"drawMode":0,"name":"Shaded","section":"Shading Mode"},"sceneLighting":false,"audioPlay":false,"sceneViewState":{"showFog":true,"showMaterialUpdate":false,"showSkybox":false,"showFlares":true,"showImageEffects":true,"showParticleSystems":true},"in2DMode":false,"pivot":{"x":0.4954436421394348,"y":0.12421312928199768,"z":0.8045189380645752},"rotation":{"x":0.009459102526307106,"y":0.9714577794075012,"z":-0.23373077809810639,"w":0.0393732488155365},"size":1.8918266296386719,"orthographic":true}