{"cameraMode":{"drawMode":0,"name":"Shaded","section":"Shading Mode"},"sceneLighting":false,"audioPlay":false,"sceneViewState":{"showFog":true,"showMaterialUpdate":false,"showSkybox":false,"showFlares":true,"showImageEffects":true,"showParticleSystems":true},"in2DMode":false,"pivot":{"x":-0.2879335880279541,"y":0.9955867528915405,"z":0.4074602723121643},"rotation":{"x":0.03636913001537323,"y":-0.9636431932449341,"z":0.18793407082557679,"w":0.18641334772109986},"size":2.0986649990081789,"orthographic":true}