{"cameraMode":{"drawMode":0,"name":"Shaded","section":"Shading Mode"},"sceneLighting":true,"audioPlay":false,"sceneViewState":{"showFog":true,"showMaterialUpdate":false,"showSkybox":true,"showFlares":true,"showImageEffects":true,"showParticleSystems":true},"in2DMode":false,"pivot":{"x":-3.940000057220459,"y":8.6899995803833,"z":-14.760000228881836},"rotation":{"x":0.2846033573150635,"y":0.19859431684017182,"z":-0.060391753911972049,"w":0.9359028935432434},"size":27.455751419067384,"orthographic":true}