{"cameraMode":{"drawMode":0,"name":"Shaded","section":"Shading Mode"},"sceneLighting":true,"audioPlay":false,"sceneViewState":{"showFog":true,"showMaterialUpdate":false,"showSkybox":true,"showFlares":true,"showImageEffects":true,"showParticleSystems":true},"in2DMode":false,"pivot":{"x":4.203942775726318,"y":-0.26406121253967287,"z":-1.312300205230713},"rotation":{"x":-0.00286466209217906,"y":0.9892817139625549,"z":-0.14467120170593263,"w":-0.019588179886341096},"size":31.126806259155275,"orthographic":true}