{"cameraMode":{"drawMode":0,"name":"Shaded","section":"Shading Mode"},"sceneLighting":true,"audioPlay":false,"sceneViewState":{"showFog":true,"showMaterialUpdate":false,"showSkybox":true,"showFlares":true,"showImageEffects":true,"showParticleSystems":true},"in2DMode":false,"pivot":{"x":4.203942775726318,"y":-0.26406121253967287,"z":-1.312300205230713},"rotation":{"x":-0.0028646623250097038,"y":0.9892817735671997,"z":-0.1446712166070938,"w":-0.019588181748986245},"size":31.126806259155275,"orthographic":true}