{"cameraMode":{"drawMode":0,"name":"Shaded","section":"Shading Mode"},"sceneLighting":true,"audioPlay":false,"sceneViewState":{"showFog":true,"showMaterialUpdate":false,"showSkybox":true,"showFlares":true,"showImageEffects":true,"showParticleSystems":true},"in2DMode":false,"pivot":{"x":42.55253601074219,"y":0.0,"z":-34.046836853027347},"rotation":{"x":0.11081103980541229,"y":0.6813751459121704,"z":-0.10550690442323685,"w":0.7157633304595947},"size":22.228572845458986,"orthographic":true}