{"cameraMode":{"drawMode":0,"name":"Shaded","section":"Shading Mode"},"sceneLighting":true,"audioPlay":false,"sceneViewState":{"showFog":true,"showMaterialUpdate":false,"showSkybox":true,"showFlares":true,"showImageEffects":true,"showParticleSystems":true},"in2DMode":false,"pivot":{"x":-8.63614273071289,"y":13.232610702514649,"z":-9.364877700805664},"rotation":{"x":0.3089437484741211,"y":0.3278273046016693,"z":-0.11438461393117905,"w":0.8854373097419739},"size":7.366876602172852,"orthographic":true}