{"cameraMode":{"drawMode":0,"name":"Shaded","section":"Shading Mode"},"sceneLighting":true,"audioPlay":false,"sceneViewState":{"showFog":true,"showMaterialUpdate":false,"showSkybox":true,"showFlares":true,"showImageEffects":true,"showParticleSystems":true},"in2DMode":false,"pivot":{"x":-15.611526489257813,"y":12.331436157226563,"z":-1.4629089832305909},"rotation":{"x":0.2976820468902588,"y":0.28806665539741518,"z":-0.09473058581352234,"w":0.9052232503890991},"size":26.9672794342041,"orthographic":true}