{"cameraMode":{"drawMode":0,"name":"Shaded","section":"Shading Mode"},"sceneLighting":false,"audioPlay":false,"sceneViewState":{"showFog":true,"showMaterialUpdate":false,"showSkybox":false,"showFlares":true,"showImageEffects":true,"showParticleSystems":true},"in2DMode":false,"pivot":{"x":-0.79963219165802,"y":1.3609412908554078,"z":-0.03417384624481201},"rotation":{"x":-0.00048725755186751485,"y":0.9890317320823669,"z":-0.1476667821407318,"w":-0.0032613526564091446},"size":1.862908959388733,"orthographic":true}